{"cameraMode":{"drawMode":0,"name":"Shaded","section":"Shading Mode"},"sceneLighting":true,"audioPlay":false,"sceneViewState":{"showFog":true,"showMaterialUpdate":false,"showSkybox":true,"showFlares":true,"showImageEffects":true,"showParticleSystems":true},"in2DMode":false,"pivot":{"x":-6.9463582038879398,"y":4.722869396209717,"z":1.0915840864181519},"rotation":{"x":0.14591190218925477,"y":0.696644127368927,"z":-0.14806687831878663,"w":0.6866858005523682},"size":0.8320242762565613,"orthographic":false}