{"cameraMode":{"drawMode":0,"name":"Shaded","section":"Shading Mode"},"sceneLighting":true,"audioPlay":false,"sceneViewState":{"showFog":true,"showMaterialUpdate":false,"showSkybox":true,"showFlares":true,"showImageEffects":true,"showParticleSystems":true},"in2DMode":false,"pivot":{"x":3.5622518062591554,"y":2.3885867595672609,"z":-0.13084328174591065},"rotation":{"x":0.1007508933544159,"y":0.6947372555732727,"z":-0.09924866259098053,"w":0.7052358984947205},"size":0.8212940096855164,"orthographic":false}